{"cameraMode":{"drawMode":0,"name":"Shaded","section":"Shading Mode"},"sceneLighting":true,"audioPlay":false,"sceneViewState":{"showFog":true,"showMaterialUpdate":false,"showSkybox":true,"showFlares":true,"showImageEffects":true,"showParticleSystems":true},"in2DMode":false,"pivot":{"x":26.397836685180665,"y":5.128002166748047,"z":2.7129745483398439},"rotation":{"x":0.018695028498768808,"y":0.955432653427124,"z":-0.06200743094086647,"w":0.2880297899246216},"size":37.05860137939453,"orthographic":false}