{"cameraMode":{"drawMode":0,"name":"Shaded","section":"Shading Mode"},"sceneLighting":true,"audioPlay":false,"sceneViewState":{"showFog":true,"showMaterialUpdate":false,"showSkybox":true,"showFlares":true,"showImageEffects":true,"showParticleSystems":true},"in2DMode":false,"pivot":{"x":-4.123527526855469,"y":-59.15303039550781,"z":122.29546356201172},"rotation":{"x":-0.3370782136917114,"y":0.0019749330822378399,"z":-0.0007068804698064923,"w":-0.9414849877357483},"size":136.08729553222657,"orthographic":false}