{"cameraMode":{"drawMode":0,"name":"Shaded","section":"Shading Mode"},"sceneLighting":true,"audioPlay":false,"sceneViewState":{"showFog":true,"showMaterialUpdate":false,"showSkybox":true,"showFlares":true,"showImageEffects":true,"showParticleSystems":true},"in2DMode":false,"pivot":{"x":19.08517074584961,"y":-6.909263610839844,"z":-9.987873077392579},"rotation":{"x":-0.45354682207107546,"y":0.31329846382141116,"z":-0.17414291203022004,"w":-0.8159806728363037},"size":49.330543518066409,"orthographic":false}